id,name,source,category
1,Dataset 1,External Feed,security
2,Dataset 2,CSV Upload,finance
3,Dataset 3,API,security
4,Dataset 4,External Feed,hr
5,Dataset 5,CSV Upload,operations
6,Dataset 6,Internal DB,hr
7,Dataset 7,Internal DB,operations
8,Dataset 8,Internal DB,operations
9,Dataset 9,API,security
10,Dataset 10,API,operations
11,Dataset 11,API,operations
12,Dataset 12,Internal DB,hr
13,Dataset 13,API,finance
14,Dataset 14,Internal DB,hr
15,Dataset 15,Internal DB,operations
16,Dataset 16,API,finance
17,Dataset 17,API,hr
18,Dataset 18,API,hr
19,Dataset 19,CSV Upload,hr
20,Dataset 20,External Feed,operations
21,Dataset 21,External Feed,security
22,Dataset 22,Internal DB,sales
23,Dataset 23,API,hr
24,Dataset 24,External Feed,hr
25,Dataset 25,API,operations
26,Dataset 26,CSV Upload,operations
27,Dataset 27,CSV Upload,operations
28,Dataset 28,CSV Upload,finance
29,Dataset 29,External Feed,finance
30,Dataset 30,Internal DB,finance
31,Dataset 31,CSV Upload,finance
32,Dataset 32,Internal DB,security
33,Dataset 33,CSV Upload,operations
34,Dataset 34,API,operations
35,Dataset 35,CSV Upload,operations
36,Dataset 36,Internal DB,security
37,Dataset 37,CSV Upload,operations
38,Dataset 38,CSV Upload,finance
39,Dataset 39,External Feed,finance
40,Dataset 40,API,sales
41,Dataset 41,CSV Upload,finance
42,Dataset 42,External Feed,operations
43,Dataset 43,CSV Upload,finance
44,Dataset 44,CSV Upload,hr
45,Dataset 45,Internal DB,finance
46,Dataset 46,CSV Upload,finance
47,Dataset 47,Internal DB,finance
48,Dataset 48,Internal DB,sales
49,Dataset 49,External Feed,sales
50,Dataset 50,API,finance
51,Dataset 51,Internal DB,sales
52,Dataset 52,Internal DB,hr
53,Dataset 53,API,sales
54,Dataset 54,External Feed,operations
55,Dataset 55,API,operations
56,Dataset 56,CSV Upload,operations
57,Dataset 57,Internal DB,finance
58,Dataset 58,CSV Upload,operations
59,Dataset 59,API,hr
60,Dataset 60,Internal DB,finance
61,Dataset 61,API,finance
62,Dataset 62,Internal DB,operations
63,Dataset 63,API,hr
64,Dataset 64,External Feed,hr
65,Dataset 65,API,sales
66,Dataset 66,Internal DB,security
67,Dataset 67,API,security
68,Dataset 68,Internal DB,hr
69,Dataset 69,API,sales
70,Dataset 70,Internal DB,security
71,Dataset 71,Internal DB,hr
72,Dataset 72,CSV Upload,operations
73,Dataset 73,External Feed,finance
74,Dataset 74,CSV Upload,operations
75,Dataset 75,Internal DB,operations
76,Dataset 76,API,security
77,Dataset 77,Internal DB,finance
78,Dataset 78,API,operations
79,Dataset 79,Internal DB,finance
80,Dataset 80,API,hr
81,Dataset 81,Internal DB,sales
82,Dataset 82,API,operations
83,Dataset 83,External Feed,sales
84,Dataset 84,Internal DB,hr
85,Dataset 85,API,finance
86,Dataset 86,Internal DB,hr
87,Dataset 87,External Feed,sales
88,Dataset 88,Internal DB,sales
89,Dataset 89,API,finance
90,Dataset 90,External Feed,operations
91,Dataset 91,External Feed,operations
92,Dataset 92,API,operations
93,Dataset 93,API,security
94,Dataset 94,CSV Upload,operations
95,Dataset 95,External Feed,security
96,Dataset 96,CSV Upload,hr
97,Dataset 97,API,finance
98,Dataset 98,Internal DB,operations
99,Dataset 99,API,operations
100,Dataset 100,API,finance
101,Dataset 101,CSV Upload,security
102,Dataset 102,Internal DB,hr
103,Dataset 103,CSV Upload,sales
104,Dataset 104,API,hr
105,Dataset 105,Internal DB,security
106,Dataset 106,CSV Upload,hr
107,Dataset 107,Internal DB,hr
108,Dataset 108,External Feed,operations
109,Dataset 109,External Feed,security
110,Dataset 110,API,security
111,Dataset 111,Internal DB,finance
112,Dataset 112,CSV Upload,operations
113,Dataset 113,API,finance
114,Dataset 114,API,hr
115,Dataset 115,CSV Upload,security
116,Dataset 116,Internal DB,security
117,Dataset 117,Internal DB,security
118,Dataset 118,External Feed,operations
119,Dataset 119,External Feed,finance
120,Dataset 120,CSV Upload,sales
121,Dataset 121,CSV Upload,finance
122,Dataset 122,API,finance
123,Dataset 123,API,security
124,Dataset 124,API,operations
125,Dataset 125,Internal DB,sales
126,Dataset 126,CSV Upload,sales
127,Dataset 127,CSV Upload,hr
128,Dataset 128,External Feed,operations
129,Dataset 129,Internal DB,sales
130,Dataset 130,External Feed,sales
131,Dataset 131,External Feed,security
132,Dataset 132,Internal DB,operations
133,Dataset 133,API,sales
134,Dataset 134,External Feed,finance
135,Dataset 135,API,sales
136,Dataset 136,External Feed,hr
137,Dataset 137,Internal DB,sales
138,Dataset 138,Internal DB,hr
139,Dataset 139,CSV Upload,operations
140,Dataset 140,Internal DB,operations
141,Dataset 141,CSV Upload,hr
142,Dataset 142,External Feed,hr
143,Dataset 143,API,hr
144,Dataset 144,API,finance
145,Dataset 145,Internal DB,finance
146,Dataset 146,External Feed,sales
147,Dataset 147,API,sales
148,Dataset 148,API,sales
149,Dataset 149,External Feed,finance
150,Dataset 150,Internal DB,operations
151,Dataset 151,API,operations
152,Dataset 152,External Feed,operations
153,Dataset 153,External Feed,finance
154,Dataset 154,CSV Upload,sales
155,Dataset 155,CSV Upload,hr
156,Dataset 156,API,sales
157,Dataset 157,CSV Upload,finance
158,Dataset 158,External Feed,finance
159,Dataset 159,Internal DB,hr
160,Dataset 160,Internal DB,hr
161,Dataset 161,External Feed,security
162,Dataset 162,API,hr
163,Dataset 163,CSV Upload,hr
164,Dataset 164,External Feed,sales
165,Dataset 165,Internal DB,security
166,Dataset 166,API,hr
167,Dataset 167,API,hr
168,Dataset 168,API,sales
169,Dataset 169,Internal DB,finance
170,Dataset 170,Internal DB,operations
171,Dataset 171,Internal DB,finance
172,Dataset 172,Internal DB,operations
173,Dataset 173,CSV Upload,hr
174,Dataset 174,External Feed,operations
175,Dataset 175,CSV Upload,finance
176,Dataset 176,API,hr
177,Dataset 177,API,hr
178,Dataset 178,External Feed,finance
179,Dataset 179,External Feed,sales
180,Dataset 180,API,finance
181,Dataset 181,Internal DB,finance
182,Dataset 182,CSV Upload,sales
183,Dataset 183,API,sales
184,Dataset 184,Internal DB,hr
185,Dataset 185,API,operations
186,Dataset 186,API,operations
187,Dataset 187,External Feed,security
188,Dataset 188,Internal DB,security
189,Dataset 189,CSV Upload,hr
190,Dataset 190,Internal DB,sales
191,Dataset 191,CSV Upload,finance
192,Dataset 192,API,hr
193,Dataset 193,CSV Upload,finance
194,Dataset 194,External Feed,sales
195,Dataset 195,API,security
196,Dataset 196,External Feed,hr
197,Dataset 197,External Feed,operations
198,Dataset 198,API,security
199,Dataset 199,API,sales
200,Dataset 200,Internal DB,hr
201,Dataset 201,External Feed,security
202,Dataset 202,API,security
203,Dataset 203,API,finance
204,Dataset 204,CSV Upload,security
205,Dataset 205,API,sales
206,Dataset 206,Internal DB,finance
207,Dataset 207,API,operations
208,Dataset 208,API,security
209,Dataset 209,API,hr
210,Dataset 210,External Feed,operations
211,Dataset 211,External Feed,security
212,Dataset 212,External Feed,finance
213,Dataset 213,CSV Upload,sales
214,Dataset 214,API,hr
215,Dataset 215,Internal DB,sales
216,Dataset 216,External Feed,operations
217,Dataset 217,Internal DB,hr
218,Dataset 218,API,security
219,Dataset 219,API,operations
220,Dataset 220,CSV Upload,security
221,Dataset 221,Internal DB,finance
222,Dataset 222,External Feed,finance
223,Dataset 223,CSV Upload,sales
224,Dataset 224,API,finance
225,Dataset 225,External Feed,operations
226,Dataset 226,Internal DB,hr
227,Dataset 227,API,operations
228,Dataset 228,CSV Upload,hr
229,Dataset 229,Internal DB,operations
230,Dataset 230,API,operations
231,Dataset 231,API,finance
232,Dataset 232,CSV Upload,security
233,Dataset 233,API,finance
234,Dataset 234,Internal DB,finance
235,Dataset 235,CSV Upload,finance
236,Dataset 236,API,sales
237,Dataset 237,CSV Upload,security
238,Dataset 238,CSV Upload,hr
239,Dataset 239,API,hr
240,Dataset 240,External Feed,hr
241,Dataset 241,CSV Upload,finance
242,Dataset 242,Internal DB,hr
243,Dataset 243,Internal DB,operations
244,Dataset 244,Internal DB,hr
245,Dataset 245,Internal DB,sales
246,Dataset 246,External Feed,sales
247,Dataset 247,Internal DB,finance
248,Dataset 248,External Feed,finance
249,Dataset 249,Internal DB,operations
250,Dataset 250,API,sales
251,Dataset 251,Internal DB,operations
252,Dataset 252,External Feed,sales
253,Dataset 253,CSV Upload,finance
254,Dataset 254,CSV Upload,operations
255,Dataset 255,CSV Upload,sales
256,Dataset 256,External Feed,security
257,Dataset 257,CSV Upload,finance
258,Dataset 258,CSV Upload,finance
259,Dataset 259,Internal DB,sales
260,Dataset 260,External Feed,operations
261,Dataset 261,External Feed,finance
262,Dataset 262,API,sales
263,Dataset 263,External Feed,operations
264,Dataset 264,API,sales
265,Dataset 265,External Feed,finance
266,Dataset 266,External Feed,operations
267,Dataset 267,API,sales
268,Dataset 268,API,operations
269,Dataset 269,External Feed,operations
270,Dataset 270,API,security
271,Dataset 271,API,hr
272,Dataset 272,CSV Upload,security
273,Dataset 273,External Feed,operations
274,Dataset 274,External Feed,security
275,Dataset 275,External Feed,operations
276,Dataset 276,External Feed,finance
277,Dataset 277,Internal DB,hr
278,Dataset 278,CSV Upload,finance
279,Dataset 279,Internal DB,finance
280,Dataset 280,CSV Upload,finance
281,Dataset 281,External Feed,security
282,Dataset 282,External Feed,hr
283,Dataset 283,API,finance
284,Dataset 284,External Feed,operations
285,Dataset 285,Internal DB,finance
286,Dataset 286,API,security
287,Dataset 287,API,operations
288,Dataset 288,API,operations
289,Dataset 289,External Feed,sales
290,Dataset 290,CSV Upload,security
291,Dataset 291,API,operations
292,Dataset 292,Internal DB,sales
293,Dataset 293,External Feed,sales
294,Dataset 294,API,finance
295,Dataset 295,External Feed,hr
296,Dataset 296,Internal DB,security
297,Dataset 297,CSV Upload,security
298,Dataset 298,External Feed,hr
299,Dataset 299,External Feed,sales
300,Dataset 300,External Feed,operations
301,Dataset 301,Internal DB,finance
302,Dataset 302,External Feed,security
303,Dataset 303,CSV Upload,security
304,Dataset 304,API,sales
305,Dataset 305,External Feed,security
306,Dataset 306,API,security
307,Dataset 307,CSV Upload,hr
308,Dataset 308,External Feed,sales
309,Dataset 309,Internal DB,sales
310,Dataset 310,CSV Upload,security
311,Dataset 311,API,sales
312,Dataset 312,API,operations
313,Dataset 313,Internal DB,hr
314,Dataset 314,API,finance
315,Dataset 315,API,hr
316,Dataset 316,Internal DB,hr
317,Dataset 317,External Feed,finance
318,Dataset 318,API,security
319,Dataset 319,Internal DB,hr
320,Dataset 320,Internal DB,hr
321,Dataset 321,API,finance
322,Dataset 322,API,operations
323,Dataset 323,External Feed,security
324,Dataset 324,API,security
325,Dataset 325,API,finance
326,Dataset 326,Internal DB,security
327,Dataset 327,API,sales
328,Dataset 328,External Feed,finance
329,Dataset 329,API,security
330,Dataset 330,API,sales
331,Dataset 331,CSV Upload,operations
332,Dataset 332,CSV Upload,finance
333,Dataset 333,API,security
334,Dataset 334,External Feed,finance
335,Dataset 335,External Feed,operations
336,Dataset 336,Internal DB,hr
337,Dataset 337,External Feed,security
338,Dataset 338,Internal DB,sales
339,Dataset 339,External Feed,finance
340,Dataset 340,CSV Upload,sales
341,Dataset 341,CSV Upload,operations
342,Dataset 342,Internal DB,operations
343,Dataset 343,Internal DB,finance
344,Dataset 344,External Feed,finance
345,Dataset 345,External Feed,finance
346,Dataset 346,Internal DB,operations
347,Dataset 347,External Feed,finance
348,Dataset 348,CSV Upload,finance
349,Dataset 349,CSV Upload,security
350,Dataset 350,Internal DB,operations
351,Dataset 351,External Feed,operations
352,Dataset 352,External Feed,security
353,Dataset 353,API,hr
354,Dataset 354,API,security
355,Dataset 355,CSV Upload,finance
356,Dataset 356,API,sales
357,Dataset 357,API,sales
358,Dataset 358,CSV Upload,security
359,Dataset 359,API,operations
360,Dataset 360,External Feed,sales
361,Dataset 361,API,hr
362,Dataset 362,Internal DB,finance
363,Dataset 363,CSV Upload,sales
364,Dataset 364,CSV Upload,operations
365,Dataset 365,External Feed,security
366,Dataset 366,Internal DB,sales
367,Dataset 367,CSV Upload,operations
368,Dataset 368,Internal DB,finance
369,Dataset 369,CSV Upload,security
370,Dataset 370,External Feed,finance
371,Dataset 371,API,security
372,Dataset 372,CSV Upload,security
373,Dataset 373,External Feed,security
374,Dataset 374,API,security
375,Dataset 375,External Feed,hr
376,Dataset 376,CSV Upload,finance
377,Dataset 377,Internal DB,operations
378,Dataset 378,CSV Upload,sales
379,Dataset 379,External Feed,security
380,Dataset 380,External Feed,sales
381,Dataset 381,API,hr
382,Dataset 382,External Feed,operations
383,Dataset 383,API,hr
384,Dataset 384,CSV Upload,security
385,Dataset 385,CSV Upload,hr
386,Dataset 386,Internal DB,operations
387,Dataset 387,API,operations
388,Dataset 388,External Feed,sales
389,Dataset 389,API,sales
390,Dataset 390,Internal DB,finance
391,Dataset 391,API,security
392,Dataset 392,Internal DB,finance
393,Dataset 393,API,operations
394,Dataset 394,CSV Upload,security
395,Dataset 395,External Feed,sales
396,Dataset 396,CSV Upload,sales
397,Dataset 397,External Feed,finance
398,Dataset 398,Internal DB,finance
399,Dataset 399,External Feed,finance
400,Dataset 400,External Feed,sales
401,Dataset 401,CSV Upload,sales
402,Dataset 402,External Feed,sales
403,Dataset 403,API,operations
404,Dataset 404,API,security
405,Dataset 405,Internal DB,hr
406,Dataset 406,API,security
407,Dataset 407,API,security
408,Dataset 408,Internal DB,hr
409,Dataset 409,Internal DB,security
410,Dataset 410,API,sales
411,Dataset 411,CSV Upload,operations
412,Dataset 412,API,operations
413,Dataset 413,Internal DB,sales
414,Dataset 414,Internal DB,sales
415,Dataset 415,External Feed,finance
416,Dataset 416,External Feed,operations
417,Dataset 417,External Feed,sales
418,Dataset 418,CSV Upload,operations
419,Dataset 419,CSV Upload,sales
420,Dataset 420,API,security
421,Dataset 421,Internal DB,operations
422,Dataset 422,CSV Upload,operations
423,Dataset 423,Internal DB,finance
424,Dataset 424,External Feed,finance
425,Dataset 425,CSV Upload,security
426,Dataset 426,Internal DB,security
427,Dataset 427,External Feed,finance
428,Dataset 428,External Feed,security
429,Dataset 429,CSV Upload,sales
430,Dataset 430,CSV Upload,security
431,Dataset 431,External Feed,hr
432,Dataset 432,Internal DB,security
433,Dataset 433,CSV Upload,finance
434,Dataset 434,Internal DB,finance
435,Dataset 435,CSV Upload,hr
436,Dataset 436,API,security
437,Dataset 437,CSV Upload,finance
438,Dataset 438,CSV Upload,hr
439,Dataset 439,CSV Upload,sales
440,Dataset 440,Internal DB,hr
441,Dataset 441,External Feed,hr
442,Dataset 442,External Feed,finance
443,Dataset 443,Internal DB,hr
444,Dataset 444,API,hr
445,Dataset 445,API,finance
446,Dataset 446,API,operations
447,Dataset 447,Internal DB,finance
448,Dataset 448,Internal DB,hr
449,Dataset 449,API,finance
450,Dataset 450,External Feed,hr
451,Dataset 451,Internal DB,finance
452,Dataset 452,API,security
453,Dataset 453,API,finance
454,Dataset 454,CSV Upload,sales
455,Dataset 455,Internal DB,hr
456,Dataset 456,CSV Upload,hr
457,Dataset 457,API,security
458,Dataset 458,External Feed,security
459,Dataset 459,External Feed,hr
460,Dataset 460,Internal DB,security
461,Dataset 461,External Feed,sales
462,Dataset 462,Internal DB,hr
463,Dataset 463,Internal DB,finance
464,Dataset 464,API,sales
465,Dataset 465,CSV Upload,operations
466,Dataset 466,Internal DB,sales
467,Dataset 467,External Feed,security
468,Dataset 468,External Feed,hr
469,Dataset 469,API,sales
470,Dataset 470,Internal DB,hr
471,Dataset 471,External Feed,operations
472,Dataset 472,CSV Upload,finance
473,Dataset 473,API,security
474,Dataset 474,API,operations
475,Dataset 475,API,security
476,Dataset 476,External Feed,finance
477,Dataset 477,CSV Upload,security
478,Dataset 478,API,sales
479,Dataset 479,Internal DB,security
480,Dataset 480,CSV Upload,operations
481,Dataset 481,API,security
482,Dataset 482,API,hr
483,Dataset 483,CSV Upload,security
484,Dataset 484,Internal DB,security
485,Dataset 485,API,sales
486,Dataset 486,External Feed,finance
487,Dataset 487,API,operations
488,Dataset 488,CSV Upload,sales
489,Dataset 489,CSV Upload,sales
490,Dataset 490,API,finance
491,Dataset 491,API,sales
492,Dataset 492,External Feed,security
493,Dataset 493,Internal DB,security
494,Dataset 494,API,security
495,Dataset 495,External Feed,operations
496,Dataset 496,API,finance
497,Dataset 497,Internal DB,sales
498,Dataset 498,API,security
499,Dataset 499,API,finance
500,Dataset 500,External Feed,hr
501,Dataset 501,CSV Upload,sales
502,Dataset 502,External Feed,hr
503,Dataset 503,Internal DB,hr
504,Dataset 504,CSV Upload,operations
505,Dataset 505,CSV Upload,sales
506,Dataset 506,CSV Upload,hr
507,Dataset 507,API,security
508,Dataset 508,Internal DB,finance
509,Dataset 509,API,hr
510,Dataset 510,CSV Upload,operations
511,Dataset 511,Internal DB,finance
512,Dataset 512,External Feed,finance
513,Dataset 513,Internal DB,operations
514,Dataset 514,CSV Upload,sales
515,Dataset 515,CSV Upload,finance
516,Dataset 516,CSV Upload,hr
517,Dataset 517,API,sales
518,Dataset 518,CSV Upload,hr
519,Dataset 519,Internal DB,finance
520,Dataset 520,Internal DB,hr
521,Dataset 521,API,sales
522,Dataset 522,Internal DB,security
523,Dataset 523,API,operations
524,Dataset 524,CSV Upload,operations
525,Dataset 525,API,security
526,Dataset 526,CSV Upload,sales
527,Dataset 527,API,sales
528,Dataset 528,CSV Upload,hr
529,Dataset 529,Internal DB,sales
530,Dataset 530,API,operations
531,Dataset 531,API,finance
532,Dataset 532,CSV Upload,hr
533,Dataset 533,API,finance
534,Dataset 534,API,security
535,Dataset 535,CSV Upload,operations
536,Dataset 536,External Feed,hr
537,Dataset 537,API,hr
538,Dataset 538,Internal DB,security
539,Dataset 539,Internal DB,operations
540,Dataset 540,External Feed,security
541,Dataset 541,External Feed,sales
542,Dataset 542,Internal DB,operations
543,Dataset 543,API,security
544,Dataset 544,CSV Upload,finance
545,Dataset 545,External Feed,finance
546,Dataset 546,External Feed,finance
547,Dataset 547,API,hr
548,Dataset 548,CSV Upload,operations
549,Dataset 549,External Feed,sales
550,Dataset 550,Internal DB,hr
551,Dataset 551,API,hr
552,Dataset 552,CSV Upload,operations
553,Dataset 553,CSV Upload,sales
554,Dataset 554,External Feed,finance
555,Dataset 555,Internal DB,security
556,Dataset 556,Internal DB,hr
557,Dataset 557,CSV Upload,security
558,Dataset 558,CSV Upload,security
559,Dataset 559,Internal DB,operations
560,Dataset 560,API,security
561,Dataset 561,CSV Upload,sales
562,Dataset 562,CSV Upload,finance
563,Dataset 563,External Feed,hr
564,Dataset 564,CSV Upload,security
565,Dataset 565,CSV Upload,sales
566,Dataset 566,External Feed,security
567,Dataset 567,API,operations
568,Dataset 568,Internal DB,sales
569,Dataset 569,API,sales
570,Dataset 570,External Feed,finance
571,Dataset 571,Internal DB,security
572,Dataset 572,API,sales
573,Dataset 573,API,operations
574,Dataset 574,External Feed,hr
575,Dataset 575,Internal DB,operations
576,Dataset 576,External Feed,finance
577,Dataset 577,CSV Upload,finance
578,Dataset 578,External Feed,sales
579,Dataset 579,CSV Upload,hr
580,Dataset 580,API,operations
581,Dataset 581,External Feed,sales
582,Dataset 582,Internal DB,hr
583,Dataset 583,Internal DB,sales
584,Dataset 584,CSV Upload,sales
585,Dataset 585,Internal DB,hr
586,Dataset 586,External Feed,security
587,Dataset 587,CSV Upload,security
588,Dataset 588,API,security
589,Dataset 589,External Feed,sales
590,Dataset 590,Internal DB,operations
591,Dataset 591,Internal DB,finance
592,Dataset 592,CSV Upload,security
593,Dataset 593,Internal DB,operations
594,Dataset 594,API,finance
595,Dataset 595,API,finance
596,Dataset 596,External Feed,finance
597,Dataset 597,API,sales
598,Dataset 598,External Feed,sales
599,Dataset 599,API,finance
600,Dataset 600,Internal DB,operations
601,Dataset 601,Internal DB,finance
602,Dataset 602,API,hr
603,Dataset 603,API,sales
604,Dataset 604,CSV Upload,security
605,Dataset 605,API,security
606,Dataset 606,CSV Upload,hr
607,Dataset 607,External Feed,hr
608,Dataset 608,API,finance
609,Dataset 609,API,security
610,Dataset 610,External Feed,sales
611,Dataset 611,API,security
612,Dataset 612,External Feed,security
613,Dataset 613,Internal DB,finance
614,Dataset 614,Internal DB,sales
615,Dataset 615,External Feed,operations
616,Dataset 616,CSV Upload,security
617,Dataset 617,CSV Upload,hr
618,Dataset 618,API,finance
619,Dataset 619,API,finance
620,Dataset 620,External Feed,sales
621,Dataset 621,Internal DB,sales
622,Dataset 622,CSV Upload,finance
623,Dataset 623,API,hr
624,Dataset 624,External Feed,operations
625,Dataset 625,External Feed,security
626,Dataset 626,CSV Upload,sales
627,Dataset 627,Internal DB,finance
628,Dataset 628,API,operations
629,Dataset 629,Internal DB,sales
630,Dataset 630,API,finance
631,Dataset 631,API,operations
632,Dataset 632,CSV Upload,sales
633,Dataset 633,API,hr
634,Dataset 634,External Feed,sales
635,Dataset 635,External Feed,operations
636,Dataset 636,External Feed,sales
637,Dataset 637,API,security
638,Dataset 638,API,operations
639,Dataset 639,API,operations
640,Dataset 640,API,security
641,Dataset 641,API,operations
642,Dataset 642,CSV Upload,finance
643,Dataset 643,CSV Upload,security
644,Dataset 644,Internal DB,operations
645,Dataset 645,CSV Upload,finance
646,Dataset 646,API,sales
647,Dataset 647,CSV Upload,hr
648,Dataset 648,Internal DB,security
649,Dataset 649,API,finance
650,Dataset 650,CSV Upload,hr
651,Dataset 651,External Feed,operations
652,Dataset 652,Internal DB,security
653,Dataset 653,External Feed,finance
654,Dataset 654,Internal DB,finance
655,Dataset 655,Internal DB,security
656,Dataset 656,External Feed,sales
657,Dataset 657,Internal DB,hr
658,Dataset 658,API,security
659,Dataset 659,API,security
660,Dataset 660,External Feed,security
661,Dataset 661,Internal DB,finance
662,Dataset 662,Internal DB,security
663,Dataset 663,External Feed,security
664,Dataset 664,External Feed,finance
665,Dataset 665,Internal DB,hr
666,Dataset 666,Internal DB,finance
667,Dataset 667,External Feed,security
668,Dataset 668,Internal DB,security
669,Dataset 669,API,finance
670,Dataset 670,External Feed,operations
671,Dataset 671,External Feed,operations
672,Dataset 672,External Feed,security
673,Dataset 673,External Feed,operations
674,Dataset 674,CSV Upload,sales
675,Dataset 675,CSV Upload,security
676,Dataset 676,CSV Upload,sales
677,Dataset 677,External Feed,finance
678,Dataset 678,Internal DB,finance
679,Dataset 679,API,security
680,Dataset 680,External Feed,security
681,Dataset 681,API,security
682,Dataset 682,External Feed,security
683,Dataset 683,CSV Upload,hr
684,Dataset 684,CSV Upload,operations
685,Dataset 685,External Feed,finance
686,Dataset 686,External Feed,sales
687,Dataset 687,API,security
688,Dataset 688,Internal DB,operations
689,Dataset 689,CSV Upload,security
690,Dataset 690,API,sales
691,Dataset 691,Internal DB,sales
692,Dataset 692,External Feed,finance
693,Dataset 693,Internal DB,security
694,Dataset 694,External Feed,sales
695,Dataset 695,API,hr
696,Dataset 696,CSV Upload,hr
697,Dataset 697,CSV Upload,hr
698,Dataset 698,External Feed,hr
699,Dataset 699,External Feed,security
700,Dataset 700,External Feed,finance
701,Dataset 701,API,hr
702,Dataset 702,External Feed,security
703,Dataset 703,API,sales
704,Dataset 704,API,operations
705,Dataset 705,External Feed,finance
706,Dataset 706,CSV Upload,operations
707,Dataset 707,CSV Upload,operations
708,Dataset 708,Internal DB,operations
709,Dataset 709,API,hr
710,Dataset 710,CSV Upload,finance
711,Dataset 711,CSV Upload,hr
712,Dataset 712,API,operations
713,Dataset 713,CSV Upload,security
714,Dataset 714,External Feed,sales
715,Dataset 715,External Feed,sales
716,Dataset 716,API,finance
717,Dataset 717,API,hr
718,Dataset 718,CSV Upload,operations
719,Dataset 719,Internal DB,security
720,Dataset 720,External Feed,sales
721,Dataset 721,External Feed,operations
722,Dataset 722,API,finance
723,Dataset 723,Internal DB,hr
724,Dataset 724,API,operations
725,Dataset 725,External Feed,operations
726,Dataset 726,API,sales
727,Dataset 727,CSV Upload,finance
728,Dataset 728,External Feed,security
729,Dataset 729,API,security
730,Dataset 730,API,security
731,Dataset 731,API,security
732,Dataset 732,CSV Upload,security
733,Dataset 733,Internal DB,finance
734,Dataset 734,Internal DB,finance
735,Dataset 735,API,security
736,Dataset 736,Internal DB,operations
737,Dataset 737,API,sales
738,Dataset 738,External Feed,operations
739,Dataset 739,CSV Upload,finance
740,Dataset 740,Internal DB,hr
741,Dataset 741,Internal DB,hr
742,Dataset 742,API,sales
743,Dataset 743,Internal DB,hr
744,Dataset 744,API,finance
745,Dataset 745,Internal DB,hr
746,Dataset 746,External Feed,security
747,Dataset 747,API,finance
748,Dataset 748,CSV Upload,finance
749,Dataset 749,Internal DB,sales
750,Dataset 750,CSV Upload,operations
751,Dataset 751,External Feed,sales
752,Dataset 752,External Feed,operations
753,Dataset 753,CSV Upload,operations
754,Dataset 754,API,sales
755,Dataset 755,CSV Upload,sales
756,Dataset 756,External Feed,finance
757,Dataset 757,Internal DB,security
758,Dataset 758,External Feed,finance
759,Dataset 759,CSV Upload,operations
760,Dataset 760,Internal DB,security
761,Dataset 761,Internal DB,hr
762,Dataset 762,CSV Upload,hr
763,Dataset 763,Internal DB,security
764,Dataset 764,API,finance
765,Dataset 765,API,operations
766,Dataset 766,CSV Upload,operations
767,Dataset 767,External Feed,finance
768,Dataset 768,External Feed,security
769,Dataset 769,API,finance
770,Dataset 770,CSV Upload,hr
771,Dataset 771,Internal DB,security
772,Dataset 772,Internal DB,operations
773,Dataset 773,API,finance
774,Dataset 774,API,hr
775,Dataset 775,API,operations
776,Dataset 776,API,finance
777,Dataset 777,CSV Upload,operations
778,Dataset 778,Internal DB,operations
779,Dataset 779,CSV Upload,hr
780,Dataset 780,External Feed,finance
781,Dataset 781,Internal DB,operations
782,Dataset 782,API,hr
783,Dataset 783,API,sales
784,Dataset 784,External Feed,sales
785,Dataset 785,API,security
786,Dataset 786,Internal DB,security
787,Dataset 787,External Feed,hr
788,Dataset 788,External Feed,operations
789,Dataset 789,API,finance
790,Dataset 790,External Feed,security
791,Dataset 791,Internal DB,finance
792,Dataset 792,Internal DB,operations
793,Dataset 793,External Feed,operations
794,Dataset 794,External Feed,sales
795,Dataset 795,External Feed,sales
796,Dataset 796,API,security
797,Dataset 797,CSV Upload,finance
798,Dataset 798,CSV Upload,operations
799,Dataset 799,External Feed,operations
800,Dataset 800,CSV Upload,operations
801,Dataset 801,CSV Upload,finance
802,Dataset 802,External Feed,security
803,Dataset 803,CSV Upload,hr
804,Dataset 804,External Feed,finance
805,Dataset 805,CSV Upload,security
806,Dataset 806,Internal DB,operations
807,Dataset 807,API,sales
808,Dataset 808,Internal DB,sales
809,Dataset 809,External Feed,operations
810,Dataset 810,CSV Upload,security
811,Dataset 811,Internal DB,hr
812,Dataset 812,CSV Upload,sales
813,Dataset 813,CSV Upload,finance
814,Dataset 814,API,sales
815,Dataset 815,Internal DB,sales
816,Dataset 816,External Feed,sales
817,Dataset 817,Internal DB,security
818,Dataset 818,Internal DB,sales
819,Dataset 819,Internal DB,finance
820,Dataset 820,API,sales
821,Dataset 821,Internal DB,sales
822,Dataset 822,External Feed,finance
823,Dataset 823,External Feed,finance
824,Dataset 824,CSV Upload,operations
825,Dataset 825,Internal DB,hr
826,Dataset 826,CSV Upload,security
827,Dataset 827,CSV Upload,operations
828,Dataset 828,API,finance
829,Dataset 829,Internal DB,hr
830,Dataset 830,External Feed,sales
831,Dataset 831,External Feed,security
832,Dataset 832,CSV Upload,finance
833,Dataset 833,API,operations
834,Dataset 834,CSV Upload,operations
835,Dataset 835,API,finance
836,Dataset 836,External Feed,hr
837,Dataset 837,CSV Upload,security
838,Dataset 838,API,sales
839,Dataset 839,External Feed,finance
840,Dataset 840,Internal DB,operations
841,Dataset 841,API,sales
842,Dataset 842,API,operations
843,Dataset 843,API,sales
844,Dataset 844,External Feed,finance
845,Dataset 845,API,hr
846,Dataset 846,CSV Upload,hr
847,Dataset 847,CSV Upload,security
848,Dataset 848,External Feed,sales
849,Dataset 849,External Feed,sales
850,Dataset 850,API,operations
851,Dataset 851,CSV Upload,operations
852,Dataset 852,External Feed,security
853,Dataset 853,Internal DB,hr
854,Dataset 854,External Feed,security
855,Dataset 855,CSV Upload,sales
856,Dataset 856,CSV Upload,security
857,Dataset 857,API,security
858,Dataset 858,Internal DB,finance
859,Dataset 859,Internal DB,sales
860,Dataset 860,External Feed,operations
861,Dataset 861,CSV Upload,security
862,Dataset 862,External Feed,sales
863,Dataset 863,Internal DB,hr
864,Dataset 864,API,sales
865,Dataset 865,External Feed,security
866,Dataset 866,External Feed,hr
867,Dataset 867,API,sales
868,Dataset 868,External Feed,operations
869,Dataset 869,CSV Upload,finance
870,Dataset 870,API,security
871,Dataset 871,Internal DB,security
872,Dataset 872,API,security
873,Dataset 873,CSV Upload,operations
874,Dataset 874,Internal DB,finance
875,Dataset 875,API,sales
876,Dataset 876,External Feed,security
877,Dataset 877,API,security
878,Dataset 878,Internal DB,hr
879,Dataset 879,Internal DB,sales
880,Dataset 880,API,hr
881,Dataset 881,External Feed,operations
882,Dataset 882,CSV Upload,finance
883,Dataset 883,Internal DB,security
884,Dataset 884,External Feed,operations
885,Dataset 885,Internal DB,hr
886,Dataset 886,CSV Upload,finance
887,Dataset 887,CSV Upload,security
888,Dataset 888,Internal DB,sales
889,Dataset 889,External Feed,operations
890,Dataset 890,CSV Upload,finance
891,Dataset 891,External Feed,operations
892,Dataset 892,API,finance
893,Dataset 893,CSV Upload,hr
894,Dataset 894,External Feed,hr
895,Dataset 895,Internal DB,finance
896,Dataset 896,Internal DB,finance
897,Dataset 897,Internal DB,finance
898,Dataset 898,API,hr
899,Dataset 899,Internal DB,security
900,Dataset 900,API,sales
901,Dataset 901,External Feed,hr
902,Dataset 902,External Feed,operations
903,Dataset 903,CSV Upload,hr
904,Dataset 904,API,security
905,Dataset 905,API,hr
906,Dataset 906,External Feed,hr
907,Dataset 907,Internal DB,finance
908,Dataset 908,CSV Upload,operations
909,Dataset 909,Internal DB,security
910,Dataset 910,Internal DB,hr
911,Dataset 911,CSV Upload,hr
912,Dataset 912,CSV Upload,sales
913,Dataset 913,External Feed,hr
914,Dataset 914,API,operations
915,Dataset 915,Internal DB,hr
916,Dataset 916,API,operations
917,Dataset 917,API,finance
918,Dataset 918,API,operations
919,Dataset 919,Internal DB,hr
920,Dataset 920,External Feed,hr
921,Dataset 921,External Feed,finance
922,Dataset 922,API,operations
923,Dataset 923,CSV Upload,hr
924,Dataset 924,API,operations
925,Dataset 925,API,security
926,Dataset 926,API,finance
927,Dataset 927,Internal DB,security
928,Dataset 928,External Feed,finance
929,Dataset 929,Internal DB,operations
930,Dataset 930,External Feed,operations
931,Dataset 931,CSV Upload,sales
932,Dataset 932,External Feed,finance
933,Dataset 933,API,hr
934,Dataset 934,CSV Upload,finance
935,Dataset 935,API,sales
936,Dataset 936,CSV Upload,operations
937,Dataset 937,API,hr
938,Dataset 938,CSV Upload,sales
939,Dataset 939,External Feed,sales
940,Dataset 940,External Feed,finance
941,Dataset 941,CSV Upload,operations
942,Dataset 942,Internal DB,security
943,Dataset 943,Internal DB,finance
944,Dataset 944,External Feed,security
945,Dataset 945,API,hr
946,Dataset 946,External Feed,finance
947,Dataset 947,CSV Upload,sales
948,Dataset 948,API,operations
949,Dataset 949,CSV Upload,security
950,Dataset 950,CSV Upload,operations
951,Dataset 951,External Feed,hr
952,Dataset 952,API,hr
953,Dataset 953,API,security
954,Dataset 954,API,sales
955,Dataset 955,API,sales
956,Dataset 956,Internal DB,operations
957,Dataset 957,CSV Upload,operations
958,Dataset 958,Internal DB,finance
959,Dataset 959,Internal DB,operations
960,Dataset 960,API,sales
961,Dataset 961,API,finance
962,Dataset 962,CSV Upload,finance
963,Dataset 963,CSV Upload,finance
964,Dataset 964,CSV Upload,hr
965,Dataset 965,API,finance
966,Dataset 966,CSV Upload,operations
967,Dataset 967,Internal DB,hr
968,Dataset 968,External Feed,hr
969,Dataset 969,Internal DB,finance
970,Dataset 970,External Feed,sales
971,Dataset 971,External Feed,hr
972,Dataset 972,API,finance
973,Dataset 973,API,sales
974,Dataset 974,API,finance
975,Dataset 975,API,finance
976,Dataset 976,CSV Upload,finance
977,Dataset 977,External Feed,operations
978,Dataset 978,CSV Upload,hr
979,Dataset 979,Internal DB,operations
980,Dataset 980,Internal DB,sales
981,Dataset 981,API,security
982,Dataset 982,Internal DB,hr
983,Dataset 983,API,security
984,Dataset 984,API,finance
985,Dataset 985,CSV Upload,hr
986,Dataset 986,CSV Upload,sales
987,Dataset 987,Internal DB,operations
988,Dataset 988,Internal DB,sales
989,Dataset 989,Internal DB,operations
990,Dataset 990,API,finance
991,Dataset 991,Internal DB,hr
992,Dataset 992,External Feed,operations
993,Dataset 993,CSV Upload,finance
994,Dataset 994,External Feed,hr
995,Dataset 995,API,sales
996,Dataset 996,API,hr
997,Dataset 997,Internal DB,hr
998,Dataset 998,CSV Upload,operations
999,Dataset 999,Internal DB,hr
1000,Dataset 1000,Internal DB,finance
